"Name","Country","District","Population"
"Seoul","South Korea","Seoul","9981619"
"Shanghai","China","Shanghai","9696300"
"Tokyo","Japan","Tokyo-to","7980230"
"Peking","China","Peking","7472000"
"Chongqing","China","Chongqing","6351600"
"Tianjin","China","Tianjin","5286800"
"Wuhan","China","Hubei","4344600"
"Harbin","China","Heilongjiang","4289800"
"Shenyang","China","Liaoning","4265200"
"Kanton [Guangzhou]","China","Guangdong","4256300"
"Pusan","South Korea","Pusan","3804522"
"Chengdu","China","Sichuan","3361500"
"Jokohama [Yokohama]","Japan","Kanagawa","3339594"
"Nanking [Nanjing]","China","Jiangsu","2870300"
"Changchun","China","Jilin","2812000"
"Xi´an","China","Shaanxi","2761400"
"Dalian","China","Liaoning","2697000"
"Taipei","Taiwan","Taipei","2641312"
"Qingdao","China","Shandong","2596000"
"Osaka","Japan","Osaka","2595674"
"Inchon","South Korea","Inchon","2559424"
"Taegu","South Korea","Taegu","2548568"
"Pyongyang","North Korea","Pyongyang-si","2484000"
"Jinan","China","Shandong","2278100"
"Hangzhou","China","Zhejiang","2190500"
"Nagoya","Japan","Aichi","2154376"
"Zhengzhou","China","Henan","2107200"
"Shijiazhuang","China","Hebei","2041500"
"Kowloon and New Kowloon","Hong Kong","Kowloon and New Kowl","1987996"
"Taiyuan","China","Shanxi","1968400"
"Kunming","China","Yunnan","1829500"
"Changsha","China","Hunan","1809800"
"Sapporo","Japan","Hokkaido","1790886"
"Nanchang","China","Jiangxi","1691600"
"Fuzhou","China","Fujian","1593800"
"Lanzhou","China","Gansu","1565800"
"Kaohsiung","Taiwan","Kaohsiung","1475505"
"Guiyang","China","Guizhou","1465200"
"Kioto","Japan","Kyoto","1461974"
"Taejon","South Korea","Taejon","1425835"
"Kobe","Japan","Hyogo","1425139"
"Ningbo","China","Zhejiang","1371200"
"Hefei","China","Anhui","1369100"
"Kwangju","South Korea","Kwangju","1368341"
"Victoria","Hong Kong","Hongkong","1312637"
"Urumtši [Ürümqi]","China","Xinxiang","1310100"
"Fukuoka","Japan","Fukuoka","1308379"
"Kawasaki","Japan","Kanagawa","1217359"
"Anshan","China","Liaoning","1200000"
"Fushun","China","Liaoning","1200000"
"Nanning","China","Guangxi","1161800"
"Zibo","China","Shandong","1140000"
"Hiroshima","Japan","Hiroshima","1119117"
"Ulsan","South Korea","Kyongsangnam","1084891"
"Qiqihar","China","Heilongjiang","1070000"
"Jilin","China","Jilin","1040000"
"Tangshan","China","Hebei","1040000"
"Kitakyushu","Japan","Fukuoka","1016264"
"Sendai","Japan","Miyagi","989975"
"Baotou","China","Inner Mongolia","980000"
"Shenzhen","China","Guangdong","950500"
"Taichung","Taiwan","Taichung","940589"
"Hohhot","China","Inner Mongolia","916700"
"Songnam","South Korea","Kyonggi","869094"
"Chiba","Japan","Chiba","863930"
"Handan","China","Hebei","840000"
"Wuxi","China","Jiangsu","830000"
"Xuzhou","China","Jiangsu","810000"
"Datong","China","Shanxi","800000"
"Yichun","China","Heilongjiang","800000"
"Sakai","Japan","Osaka","797735"
"Puchon","South Korea","Kyonggi","779412"
"Ulan Bator","Mongolia","Ulaanbaatar","773700"
"Benxi","China","Liaoning","770000"
"Luoyang","China","Henan","760000"
"Suwon","South Korea","Kyonggi","755550"
"Tainan","Taiwan","Tainan","728060"
"Suzhou","China","Jiangsu","710000"
"Hamhung","North Korea","Hamgyong N","709730"
"Xining","China","Qinghai","700200"
"Huainan","China","Anhui","700000"
"Jixi","China","Heilongjiang","683885"
"Daqing","China","Heilongjiang","660000"
"Kumamoto","Japan","Kumamoto","656734"
"Fuxin","China","Liaoning","640000"
"Amoy [Xiamen]","China","Fujian","627500"
"Okayama","Japan","Okayama","624269"
"Liuzhou","China","Guangxi","610000"
"Anyang","South Korea","Kyonggi","591106"
"Sagamihara","Japan","Kanagawa","586300"
"Chongjin","North Korea","Hamgyong P","582480"
"Shantou","China","Guangdong","580000"
"Jinzhou","China","Liaoning","570000"
"Mudanjiang","China","Heilongjiang","570000"
"Hamamatsu","Japan","Shizuoka","568796"
"Nampo","North Korea","Nampo-si","566200"
"Chonju","South Korea","Chollabuk","563153"
"Kagoshima","Japan","Kagoshima","549977"
"Funabashi","Japan","Chiba","545299"
"Yinchuan","China","Ningxia","544500"
"Chongju","South Korea","Chungchongbuk","531376"
"Changzhou","China","Jiangsu","530000"
"Zhangjiakou","China","Hebei","530000"
"Panchiao","Taiwan","Taipei","523850"
"Dandong","China","Liaoning","520000"
"Hegang","China","Heilongjiang","520000"
"Koyang","South Korea","Kyonggi","518282"
"Higashiosaka","Japan","Osaka","517785"
"Hachioji","Japan","Tokyo-to","513451"
"Ansan","South Korea","Kyonggi","510314"
"Kaifeng","China","Henan","510000"
"Pohang","South Korea","Kyongsangbuk","508899"
"Niigata","Japan","Niigata","497464"
"Jiamusi","China","Heilongjiang","493409"
"Liaoyang","China","Liaoning","492559"
"Hengyang","China","Hunan","487148"
"Baoding","China","Hebei","483155"
"Hunjiang","China","Jilin","482043"
"Chang-won","South Korea","Kyongsangnam","481694"
"Amagasaki","Japan","Hyogo","481434"
"Himeji","Japan","Hyogo","475167"
"Shizuoka","Japan","Shizuoka","473854"
"Xinxiang","China","Henan","473762"
"Urawa","Japan","Saitama","469675"
"Matsuyama","Japan","Ehime","466133"
"Matsudo","Japan","Chiba","461126"
"Huangshi","China","Hubei","457601"
"Kanazawa","Japan","Ishikawa","455386"
"Haikou","China","Hainan","454300"
"Kawaguchi","Japan","Saitama","452155"
"Yantai","China","Shandong","452127"
"Bengbu","China","Anhui","449245"
"Xiangtan","China","Hunan","441968"
"Ichikawa","Japan","Chiba","441893"
"Omiya","Japan","Saitama","441649"
"Masan","South Korea","Kyongsangnam","441242"
"Utsunomiya","Japan","Tochigi","440353"
"Macao","Macao","Macau","437500"
"Oita","Japan","Oita","433401"
"Nagasaki","Japan","Nagasaki","432759"
"Yokosuka","Japan","Kanagawa","430200"
"Weifang","China","Shandong","428522"
"Wuhu","China","Anhui","425740"
"Pingxiang","China","Jiangxi","425579"
"Kurashiki","Japan","Okayama","425103"
"Yingkou","China","Liaoning","421589"
"Anyang","China","Henan","420332"
"Panzhihua","China","Sichuan","415466"
"Pingdingshan","China","Henan","410775"
"Xiangfan","China","Hubei","410407"
"Zhuzhou","China","Hunan","409924"
"Jiaozuo","China","Henan","409100"
"Gifu","Japan","Gifu","408007"
"Hirakata","Japan","Osaka","403151"
"Wenzhou","China","Zhejiang","401871"
"Zhangjiang","China","Guangdong","400997"
"Nishinomiya","Japan","Hyogo","397618"
"Toyonaka","Japan","Osaka","396689"
"Zigong","China","Sichuan","393184"
"Chungho","Taiwan","Taipei","392176"
"Wakayama","Japan","Wakayama","391233"
"Shuangyashan","China","Heilongjiang","386081"
"Keelung (Chilung)","Taiwan","Keelung","385201"
"Zaozhuang","China","Shandong","380846"
"Sanchung","Taiwan","Taipei","380084"
"Yakeshi","China","Inner Mongolia","377869"
"Fukuyama","Japan","Hiroshima","376921"
"Fujisawa","Japan","Kanagawa","372840"
"Yichang","China","Hubei","371601"
"Zhenjiang","China","Jiangsu","368316"
"Huaibei","China","Anhui","366549"
"Hsinchuang","Taiwan","Taipei","365048"
"Qinhuangdao","China","Hebei","364972"
"Asahikawa","Japan","Hokkaido","364813"
"Machida","Japan","Tokyo-to","364197"
"Guilin","China","Guangxi","364130"
"Liupanshui","China","Guizhou","363954"
"Nara","Japan","Nara","362812"
"Panjin","China","Liaoning","362773"
"Yangquan","China","Shanxi","362268"
"Hsinchu","Taiwan","Hsinchu","361958"
"Takatsuki","Japan","Osaka","361747"
"Iwaki","Japan","Fukushima","361737"
"Nagano","Japan","Nagano","361391"
"Toyohashi","Japan","Aichi","360066"
"Jinxi","China","Liaoning","357052"
"Liaoyuan","China","Jilin","354141"
"Lianyungang","China","Jiangsu","354139"
"Xianyang","China","Shaanxi","352125"
"Kwangmyong","South Korea","Kyonggi","350914"
"Tai´an","China","Shandong","350696"
"Chifeng","China","Inner Mongolia","350077"
"Shaoguan","China","Guangdong","350043"
"Toyota","Japan","Aichi","346090"
"Suita","Japan","Osaka","345750"
"Nantong","China","Jiangsu","343341"
"Leshan","China","Sichuan","341128"
"Baoji","China","Shaanxi","337765"
"Takamatsu","Japan","Kagawa","332471"
"Koriyama","Japan","Fukushima","330335"
"Chonan","South Korea","Chungchongnam","330259"
"Chinju","South Korea","Kyongsangnam","329886"
"Okazaki","Japan","Aichi","328711"
"Kawagoe","Japan","Saitama","327211"
"Sinuiju","North Korea","Pyongan P","326011"
"Tokorozawa","Japan","Saitama","325809"
"Toyama","Japan","Toyama","325790"
"Linyi","China","Shandong","324720"
"Kochi","Japan","Kochi","324710"
"Tonghua","China","Jilin","324600"
"Iksan","South Korea","Chollabuk","322685"
"Kashiwa","Japan","Chiba","320296"
"Chungli","Taiwan","Taoyuan","318649"
"Fengshan","Taiwan","Kaohsiung","318562"
"Siping","China","Jilin","317223"
"Changzhi","China","Shanxi","317144"
"Taoyuan","Taiwan","Taoyuan","316438"
"Tengzhou","China","Shandong","315083"
"Akita","Japan","Akita","314440"
"Chaozhou","China","Guangdong","313469"
"Pyongtaek","South Korea","Kyonggi","312927"
"Yangzhou","China","Jiangsu","312892"
"Kumi","South Korea","Kyongsangbuk","311431"
"Dongwan","China","Guangdong","308669"
"Ma´anshan","China","Anhui","305421"
"Miyazaki","Japan","Miyazaki","303784"
"Foshan","China","Guangdong","303160"
"Yueyang","China","Hunan","302800"
"Xingtai","China","Hebei","302789"
"Koshigaya","Japan","Saitama","301446"
"Changde","China","Hunan","301276"
"Wonsan","North Korea","Kangwon","300148"
"Naha","Japan","Okinawa","299851"
"Shihezi","China","Xinxiang","299676"
"Yancheng","China","Jiangsu","296831"
"Aomori","Japan","Aomori","295969"
"Hakodate","Japan","Hokkaido","294788"
"Akashi","Japan","Hyogo","292253"
"Jiujiang","China","Jiangxi","291187"
"Yokkaichi","Japan","Mie","288173"
"Fukushima","Japan","Fukushima","287525"
"Morioka","Japan","Iwate","287353"
"Maebashi","Japan","Gumma","284473"
"Kasugai","Japan","Aichi","282348"
"Otsu","Japan","Shiga","282070"
"Dongying","China","Shandong","281728"
"Shashi","China","Hubei","281352"
"Xintai","China","Shandong","281248"
"Jingdezhen","China","Jiangxi","281183"
"Tongchuan","China","Shaanxi","280657"
"Ichihara","Japan","Chiba","279280"
"Zhongshan","China","Guangdong","278829"
"Yao","Japan","Osaka","276421"
"Uijongbu","South Korea","Kyonggi","276111"
"Shiyan","China","Hubei","273786"
"Kyongju","South Korea","Kyongsangbuk","272968"
"Phyongsong","North Korea","Pyongan N","272934"
"Ichinomiya","Japan","Aichi","270828"
"Tokushima","Japan","Tokushima","269649"
"Kunsan","South Korea","Chollabuk","266569"
"Kakogawa","Japan","Hyogo","266281"
"Tieli","China","Heilongjiang","265683"
"Jining","China","Shandong","265248"
"Chiayi","Taiwan","Chiayi","265109"
"Wuhai","China","Inner Mongolia","264081"
"Hsintien","Taiwan","Taipei","263603"
"Mianyang","China","Sichuan","262947"
"Luzhou","China","Sichuan","262892"
"Zunyi","China","Guizhou","261862"
"Ibaraki","Japan","Osaka","261020"
"Cheju","South Korea","Cheju","258511"
"Shizuishan","China","Ningxia","257862"
"Neyagawa","Japan","Osaka","257315"
"Shimonoseki","Japan","Yamaguchi","257263"
"Kimhae","South Korea","Kyongsangnam","256370"
"Neijiang","China","Sichuan","256012"
"Yamagata","Japan","Yamagata","255617"
"Tongliao","China","Inner Mongolia","255129"
"Tieling","China","Liaoning","254842"
"Fukui","Japan","Fukui","254818"
"Hiratsuka","Japan","Kanagawa","254207"
"Sariwon","North Korea","Hwanghae P","254146"
"Wafangdian","China","Liaoning","251733"
"Anqing","China","Anhui","250718"
"Sunchon","South Korea","Chollanam","249263"
"Mokpo","South Korea","Chollanam","247452"
"Shaoyang","China","Hunan","247227"
"Laiwu","China","Shandong","246833"
"Chengde","China","Hebei","246799"
"Mito","Japan","Ibaragi","246559"
"Tianshui","China","Gansu","244974"
"Sasebo","Japan","Nagasaki","244240"
"Nanyang","China","Henan","243303"
"Hachinohe","Japan","Aomori","242979"
"Cangzhou","China","Hebei","242708"
"Yong-in","South Korea","Kyonggi","242643"
"Yibin","China","Sichuan","241019"
"Huaiyin","China","Jiangsu","239675"
"Takasaki","Japan","Gumma","239124"
"Shimizu","Japan","Shizuoka","239123"
"Wonju","South Korea","Kang-won","237460"
"Kurume","Japan","Fukuoka","235611"
"Kunpo","South Korea","Kyonggi","235233"
"Dunhua","China","Jilin","235100"
"Chunchon","South Korea","Kang-won","234528"
"Fuji","Japan","Shizuoka","231527"
"Yanji","China","Jilin","230892"
"Jiangmen","China","Guangdong","230587"
"Haeju","North Korea","Hwanghae N","229172"
"Namyangju","South Korea","Kyonggi","229060"
"Tongling","China","Anhui","228017"
"Suihua","China","Heilongjiang","227881"
"Changhwa","Taiwan","Changhwa","227715"
"Yungho","Taiwan","Taipei","227700"
"Gongziling","China","Jilin","226569"
"Tucheng","Taiwan","Taipei","224897"
"Kanggye","North Korea","Chagang","223410"
"Xiantao","China","Hubei","222884"
"Soka","Japan","Saitama","222768"
"Chaoyang","China","Liaoning","222394"
"Fuchu","Japan","Tokyo-to","220576"
"Kangnung","South Korea","Kang-won","220403"
"Ganzhou","China","Jiangxi","220129"
"Huzhou","China","Zhejiang","218071"
"Baicheng","China","Jilin","217987"
"Chigasaki","Japan","Kanagawa","216015"
"Shangzi","China","Heilongjiang","215373"
"Yangjiang","China","Guangdong","215196"
"Qitaihe","China","Heilongjiang","214957"
"Pingtung","Taiwan","Pingtung","214727"
"Gejiu","China","Yunnan","214294"
"Jiangyin","China","Jiangsu","213659"
"Hebi","China","Henan","212976"
"Atsugi","Japan","Kanagawa","212407"
"Jiaxing","China","Zhejiang","211526"
"Numazu","Japan","Shizuoka","211382"
"Wuzhou","China","Guangxi","210452"
"Ageo","Japan","Saitama","209442"
"Meihekou","China","Jilin","209038"
"Xuchang","China","Henan","208815"
"Yamato","Japan","Kanagawa","208234"
"Liaocheng","China","Shandong","207844"
"Matsumoto","Japan","Nagano","206801"
"Kure","Japan","Hiroshima","206504"
"Takarazuka","Japan","Hyogo","205993"
"Haicheng","China","Liaoning","205560"
"Qianjiang","China","Hubei","205504"
"Chungju","South Korea","Chungchongbuk","205206"
"Baiyin","China","Gansu","204970"
"Bei´an","China","Heilongjiang","204899"
"Kasukabe","Japan","Saitama","201838"
"Chofu","Japan","Tokyo-to","201585"
"Yixing","China","Jiangsu","200824"
"Odawara","Japan","Kanagawa","200171"
"Kofu","Japan","Yamanashi","199753"
"Laizhou","China","Shandong","198664"
"Kushiro","Japan","Hokkaido","197608"
"Qaramay","China","Xinxiang","197602"
"Acheng","China","Heilongjiang","197595"
"Kishiwada","Japan","Osaka","197276"
"Hitachi","Japan","Ibaragi","196622"
"Dezhou","China","Shandong","195485"
"Nanping","China","Fujian","195064"
"Zhaoqing","China","Guangdong","194784"
"Beipiao","China","Liaoning","194301"
"Fengcheng","China","Jiangxi","193784"
"Yungkang","Taiwan","Tainan","193005"
"Fuyu","China","Jilin","192981"
"Xinyang","China","Henan","192509"
"Nagaoka","Japan","Niigata","192407"
"Dongtai","China","Jiangsu","192247"
"Yuci","China","Shanxi","191356"
"Itami","Japan","Hyogo","190886"
"Honghu","China","Hubei","190772"
"Ezhou","China","Hubei","190123"
"Heze","China","Shandong","189293"
"Uji","Japan","Kyoto","188735"
"Andong","South Korea","Kyongsangbuk","188443"
"Pingchen","Taiwan","Taoyuan","188344"
"Daxian","China","Sichuan","188101"
"Linfen","China","Shanxi","187309"
"Tianmen","China","Hubei","186332"
"Yiyang","China","Hunan","185818"
"Quanzhou","China","Fujian","185154"
"Rizhao","China","Shandong","185048"
"Suzuka","Japan","Mie","184061"
"Yosu","South Korea","Chollanam","183596"
"Deyang","China","Sichuan","182488"
"Guangyuan","China","Sichuan","182241"
"Changshu","China","Jiangsu","181805"
"Zhangzhou","China","Fujian","181424"
"Hailar","China","Inner Mongolia","180650"
"Nanchong","China","Sichuan","180273"
"Jiutai","China","Jilin","180130"
"Zhaodong","China","Heilongjiang","179976"
"Shaoxing","China","Zhejiang","179818"
"Fuyang","China","Anhui","179572"
"Kimchaek","North Korea","Hamgyong P","179000"
"Maoming","China","Guangdong","178683"
"Qujing","China","Yunnan","178669"
"Hyesan","North Korea","Yanggang","178020"
"Hirosaki","Japan","Aomori","177522"
"Ghulja","China","Xinxiang","177193"
"Jiaohe","China","Jilin","176367"
"Puyang","China","Henan","175988"
"Huadian","China","Jilin","175873"
"Jiangyou","China","Sichuan","175753"
"Ube","Japan","Yamaguchi","175206"
"Kodaira","Japan","Tokyo-to","174984"
"Qashqar","China","Xinxiang","174570"
"Takaoka","Japan","Toyama","174380"
"Anshun","China","Guizhou","174142"
"Fuling","China","Sichuan","173878"
"Kyongsan","South Korea","Kyongsangbuk","173746"
"Obihiro","Japan","Hokkaido","173685"
"Xinyu","China","Jiangxi","173524"
"Tomakomai","Japan","Hokkaido","171958"
"Tali","Taiwan","Taichung","171940"
"Kaesong","North Korea","Kaesong-si","171500"
"Saga","Japan","Saga","170034"
"Hanzhong","China","Shaanxi","169930"
"Danyang","China","Jiangsu","169603"
"Chenzhou","China","Hunan","169400"
"Sakura","Japan","Chiba","168072"
"Kamakura","Japan","Kanagawa","167661"
"Mitaka","Japan","Tokyo-to","167268"
"Izumi","Japan","Osaka","166979"
"Hino","Japan","Tokyo-to","166770"
"Hadano","Japan","Kanagawa","166512"
"Xiaogan","China","Hubei","166280"
"Taiping","Taiwan","","165524"
"Ashikaga","Japan","Tochigi","165243"
"Shangqiu","China","Henan","164880"
"Zhuhai","China","Guangdong","164747"
"Qingyuan","China","Guangdong","164641"
"Tsu","Japan","Mie","164543"
"Aqsu","China","Xinxiang","164092"
"Jining","China","Inner Mongolia","163552"
"Paju","South Korea","Kyonggi","163379"
"Yangsan","South Korea","Kyongsangnam","163351"
"Xiaoshan","China","Zhejiang","162930"
"Sayama","Japan","Saitama","162472"
"Zaoyang","China","Hubei","162198"
"Xinghua","China","Jiangsu","161910"
"Pate","Taiwan","Taoyuan","161700"
"Hami","China","Xinxiang","161315"
"Yachiyo","Japan","Chiba","161222"
"Fengyuan","Taiwan","Taichung","161032"
"Huizhou","China","Guangdong","161023"
"Jinmen","China","Hubei","160794"
"Tsukuba","Japan","Ibaragi","160768"
"Sanming","China","Fujian","160691"
"Luchou","Taiwan","Taipei","160516"
"Ulanhot","China","Inner Mongolia","159538"
"Tachikawa","Japan","Tokyo-to","159430"
"Korla","China","Xinxiang","159344"
"Kumagaya","Japan","Saitama","157171"
"Wanxian","China","Sichuan","156823"
"Rui´an","China","Zhejiang","156468"
"Zhoushan","China","Zhejiang","156317"
"Liangcheng","China","Shandong","156307"
"Moriguchi","Japan","Osaka","155941"
"Otaru","Japan","Hokkaido","155784"
"Ichon","South Korea","Kyonggi","155332"
"Hsichuh","Taiwan","Taipei","154976"
"Asan","South Korea","Chungchongnam","154663"
"Anjo","Japan","Aichi","153823"
"Jiaozhou","China","Shandong","153364"
"Narashino","Japan","Chiba","152849"
"Oyama","Japan","Tochigi","152820"
"Taizhou","China","Jiangsu","152442"
"Suzhou","China","Anhui","151862"
"Ogaki","Japan","Gifu","151758"
"Yichun","China","Jiangxi","151585"
"Shulin","Taiwan","Taipei","151260"
"Taonan","China","Jilin","150168"
"Pingdu","China","Shandong","150123"
"Matsue","Japan","Shimane","149821"
"Kawanishi","Japan","Hyogo","149794"
"Ji´an","China","Jiangxi","148583"
"Longkou","China","Shandong","148362"
"Langfang","China","Hebei","148105"
"Hitachinaka","Japan","Tokyo-to","148006"
"Niiza","Japan","Saitama","147744"
"Nagareyama","Japan","Chiba","147738"
"Koje","South Korea","Kyongsangnam","147562"
"Tottori","Japan","Tottori","147523"
"Kimchon","South Korea","Kyongsangbuk","147027"
"Tama","Japan","Ibaragi","146712"
"Nonsan","South Korea","Chungchongnam","146619"
"Zhoukou","China","Henan","146288"
"Suining","China","Sichuan","146086"
"Iruma","Japan","Saitama","145922"
"Ota","Japan","Gumma","145317"
"Yulin","China","Guangxi","144467"
"Jinhua","China","Zhejiang","144280"
"Liu´an","China","Anhui","144248"
"Omuta","Japan","Fukuoka","142889"
"Shuangcheng","China","Heilongjiang","142659"
"Suizhou","China","Hubei","142302"
"Kuri","South Korea","Kyonggi","142173"
"Ankang","China","Shaanxi","142170"
"Weinan","China","Shaanxi","140169"
"Komaki","Japan","Aichi","139827"
"Longjing","China","Jilin","139417"
"Ome","Japan","Tokyo-to","139216"
"Chong-up","South Korea","Chollabuk","139111"
"Da´an","China","Jilin","138963"
"Kadoma","Japan","Osaka","138953"
"Yamaguchi","Japan","Yamaguchi","138210"
"Lengshuijiang","China","Hunan","137994"
"Laiyang","China","Shandong","137080"
"Chechon","South Korea","Chungchongbuk","137070"
"Higashimurayama","Japan","Tokyo-to","136970"
"Xianning","China","Hubei","136811"
"Dali","China","Yunnan","136554"
"Yonago","Japan","Tottori","136461"
"Anda","China","Heilongjiang","136446"
"Jincheng","China","Shanxi","136396"
"Matsubara","Japan","Osaka","135010"
"Sosan","South Korea","Chungchongnam","134746"
"Longyan","China","Fujian","134481"
"Musashino","Japan","Tokyo-to","134426"
"Xichang","China","Sichuan","134419"
"Tsuchiura","Japan","Ibaragi","134072"
"Wendeng","China","Shandong","133910"
"Hailun","China","Heilongjiang","133565"
"Binzhou","China","Shandong","133555"
"Joetsu","Japan","Niigata","133505"
"Shihung","South Korea","Kyonggi","133443"
"Linhe","China","Inner Mongolia","133183"
"Miyakonojo","Japan","Miyazaki","133183"
"Wuwei","China","Gansu","133101"
"Duyun","China","Guizhou","132971"
"Misato","Japan","Saitama","132957"
"Mishan","China","Heilongjiang","132744"
"Shangrao","China","Jiangxi","132455"
"Changji","China","Xinxiang","132260"
"Meixian","China","Guangdong","132156"
"Yushu","China","Jilin","131861"
"Kakamigahara","Japan","Gifu","131831"
"Tiefa","China","Liaoning","131807"
"Tong-yong","South Korea","Kyongsangnam","131717"
"Kongju","South Korea","Chungchongnam","131229"
"Huai´an","China","Jiangsu","131149"
"Yongju","South Korea","Kyongsangbuk","131097"
"Daito","Japan","Osaka","130594"
"Seto","Japan","Aichi","130470"
"Leiyang","China","Hunan","130115"
"Zalantun","China","Inner Mongolia","130031"
"Weihai","China","Shandong","128888"
"Loudi","China","Hunan","128418"
"Qingzhou","China","Shandong","128258"
"Kariya","Japan","Aichi","127969"
"Urayasu","Japan","Chiba","127550"
"Beppu","Japan","Oita","127486"
"Niihama","Japan","Ehime","127207"
"Minoo","Japan","Osaka","127026"
"Fujieda","Japan","Shizuoka","126897"
"Qidong","China","Jiangsu","126872"
"Huaihua","China","Hunan","126785"
"Abiko","Japan","Chiba","126670"
"Luohe","China","Henan","126438"
"Yuanlin","Taiwan","Changhwa","126402"
"Yangmei","Taiwan","Taoyuan","126323"
"Chinhae","South Korea","Kyongsangnam","125997"
"Nobeoka","Japan","Miyazaki","125547"
"Chuzhou","China","Anhui","125341"
"Tondabayashi","Japan","Osaka","125094"
"Kaiyuan","China","Liaoning","124219"
"Ueda","Japan","Nagano","124217"
"Sangju","South Korea","Kyongsangbuk","124116"
"Kashihara","Japan","Nara","124013"
"Linqing","China","Shandong","123958"
"Chaohu","China","Anhui","123676"
"Matsusaka","Japan","Mie","123582"
"Laohekou","China","Hubei","123366"
"Dujiangyan","China","Sichuan","123357"
"Isesaki","Japan","Gumma","123285"
"Zhumadian","China","Henan","123232"
"Poryong","South Korea","Chungchongnam","122604"
"Kwang-yang","South Korea","Chollanam","122052"
"Zama","Japan","Kanagawa","122046"
"Kisarazu","Japan","Chiba","121967"
"Linchuan","China","Jiangxi","121949"
"Miryang","South Korea","Kyongsangnam","121501"
"Jiaonan","China","Shandong","121397"
"Noda","Japan","Chiba","121030"
"Ishinomaki","Japan","Miyagi","120963"
"Sanmenxia","China","Henan","120523"
"Heyuan","China","Guangdong","120101"
"Manzhouli","China","Inner Mongolia","120023"
"Lhasa","China","Tibet","120000"
"Fujinomiya","Japan","Shizuoka","119714"
"Kawachinagano","Japan","Osaka","119666"
"Imabari","Japan","Ehime","119357"
"Aizuwakamatsu","Japan","Fukushima","119287"
"Higashihiroshima","Japan","Hiroshima","119166"
"Habikino","Japan","Osaka","118968"
"Lianyuan","China","Hunan","118858"
"Ebetsu","Japan","Hokkaido","118805"
"Hofu","Japan","Yamaguchi","118751"
"Kuytun","China","Xinxiang","118553"
"Kiryu","Japan","Gumma","118326"
"Okinawa","Japan","Okinawa","117748"
"Puqi","China","Hubei","117264"
"Yaizu","Japan","Shizuoka","117258"
"Hongjiang","China","Hunan","116188"
"Taliao","Taiwan","","115897"
"Hanam","South Korea","Kyonggi","115812"
"Toyokawa","Japan","Aichi","115781"
"Ebina","Japan","Kanagawa","115571"
"Kimje","South Korea","Chollabuk","115427"
"Asaka","Japan","Saitama","114815"
"Qinzhou","China","Guangxi","114586"
"Renqiu","China","Hebei","114256"
"Yuyao","China","Zhejiang","114065"
"Guigang","China","Guangxi","114025"
"Kaili","China","Guizhou","113958"
"Yongchon","South Korea","Kyongsangbuk","113511"
"Sachon","South Korea","Kyongsangnam","113494"
"Yan´an","China","Shaanxi","113277"
"Beihai","China","Guangxi","112673"
"Xuangzhou","China","Anhui","112673"
"Quzhou","China","Zhejiang","112373"
"Kueishan","Taiwan","","112195"
"Tanshui","Taiwan","Taipei","111882"
"Yong´an","China","Fujian","111762"
"Higashikurume","Japan","Tokyo-to","111666"
"Ikoma","Japan","Nara","111645"
"Kitami","Japan","Hokkaido","111295"
"Taitung","Taiwan","Taitung","111039"
"Koganei","Japan","Tokyo-to","110969"
"Zixing","China","Hunan","110048"
"Iwatsuki","Japan","Saitama","110034"
"Mishima","Japan","Shizuoka","109699"
"Liyang","China","Jiangsu","109520"
"Yizheng","China","Jiangsu","109268"
"Yumen","China","Gansu","109234"
"Uiwang","South Korea","Kyonggi","108788"
"Handa","Japan","Aichi","108600"
"Liling","China","Hunan","108504"
"Hualien","Taiwan","Hualien","108407"
"Yuncheng","China","Shanxi","108359"
"Muroran","Japan","Hokkaido","108275"
"Komatsu","Japan","Ishikawa","107937"
"Shanwei","China","Guangdong","107847"
"Naju","South Korea","Chollanam","107831"
"Yatsushiro","Japan","Kumamoto","107661"
"Iida","Japan","Nagano","107583"
"Cixi","China","Zhejiang","107329"
"Tokuyama","Japan","Yamaguchi","107078"
"Yuanjiang","China","Hunan","107004"
"Kokubunji","Japan","Tokyo-to","106996"
"Akishima","Japan","Tokyo-to","106914"
"Iwakuni","Japan","Yamaguchi","106647"
"Bozhou","China","Anhui","106346"
"Kusatsu","Japan","Shiga","106232"
"Kuwana","Japan","Mie","106121"
"Sanda","Japan","Hyogo","105643"
"Hikone","Japan","Shiga","105508"
"Jinchang","China","Gansu","105287"
"Fu´an","China","Fujian","105265"
"Suqian","China","Jiangsu","105021"
"Nantou","Taiwan","Nantou","104723"
"Shishou","China","Hubei","104571"
"Hengshui","China","Hebei","104269"
"Toda","Japan","Saitama","103969"
"Namwon","South Korea","Chollabuk","103544"
"Danjiangkou","China","Hubei","103211"
"Tajimi","Japan","Gifu","103171"
"Fujin","China","Heilongjiang","103104"
"Lungtan","Taiwan","Taipei","103088"
"Sanya","China","Hainan","102820"
"Guangshui","China","Hubei","102770"
"Ikeda","Japan","Osaka","102710"
"Huangshan","China","Anhui","102628"
"Xingcheng","China","Liaoning","102384"
"Fukaya","Japan","Saitama","102156"
"Zhucheng","China","Shandong","102134"
"Kunshan","China","Jiangsu","102052"
"Ise","Japan","Mie","101732"
"Sakata","Japan","Yamagata","101651"
"Kasuga","Japan","Fukuoka","101344"
"Kamagaya","Japan","Chiba","100821"
"Tsuruoka","Japan","Yamagata","100713"
"Haining","China","Zhejiang","100478"
"Hoya","Japan","Tokyo-to","100313"
"Nishio","Japan","Chiba","100032"
"Tokai","Japan","Aichi","99738"
"Pingliang","China","Gansu","99265"
"Fuqing","China","Fujian","99193"
"Touliu","Taiwan","Yünlin","98900"
"Inazawa","Japan","Aichi","98746"
"Xinzhou","China","Shanxi","98667"
"Jieyang","China","Guangdong","98531"
"Sakado","Japan","Saitama","98221"
"Isehara","Japan","Kanagawa","98123"
"Zhangjiagang","China","Jiangsu","97994"
"Takasago","Japan","Hyogo","97632"
"Tong Xian","China","Peking","97168"
"Fujimi","Japan","Saitama","96972"
"Tsaotun","Taiwan","Nantou","96800"
"Urasoe","Japan","Okinawa","96002"
"Ya´an","China","Sichuan","95900"
"Jinzhou","China","Liaoning","95761"
"Yonezawa","Japan","Yamagata","95592"
"Konan","Japan","Aichi","95521"
"Tonghae","South Korea","Kang-won","95472"
"Yamatokoriyama","Japan","Nara","95165"
"Maizuru","Japan","Kyoto","94784"
"Emeishan","China","Sichuan","94000"
"Onomichi","Japan","Hiroshima","93756"
"Higashimatsuyama","Japan","Saitama","93342"
"Kimitsu","Japan","Chiba","93216"
"Isahaya","Japan","Nagasaki","93058"
"Enshi","China","Hubei","93056"
"Kanuma","Japan","Tochigi","93053"
"Bose","China","Guangxi","93009"
"Yuzhou","China","Henan","92889"
"Izumisano","Japan","Osaka","92583"
"Kameoka","Japan","Kyoto","92398"
"Mun-gyong","South Korea","Kyongsangbuk","92239"
"Kangshan","Taiwan","Kaohsiung","92200"
"Ilan","Taiwan","Ilan","92000"
"Kaiyuan","China","Yunnan","91999"
"Mobara","Japan","Chiba","91664"
"Tumen","China","Jilin","91471"
"Narita","Japan","Chiba","91470"
"Kashiwazaki","Japan","Niigata","91229"
"Tsuyama","Japan","Okayama","91170"
"Putian","China","Fujian","91030"
"Linhai","China","Zhejiang","90870"
"Xilin Hot","China","Inner Mongolia","90646"
"Shaowu","China","Fujian","90286"
"Junan","China","Shandong","90222"
"Miaoli","Taiwan","Miaoli","90000"
"Huaying","China","Sichuan","89400"
"Pingyi","China","Shandong","89373"
"Huangyan","China","Zhejiang","89288"
